Date,Session ID,Files Compressed,Files Encrypted
2024-05-09,session_id_1788,11,5
2024-05-10,session_id_1434,11,6
2024-05-11,session_id_1160,10,5
2024-05-12,session_id_1721,9,4
2024-05-13,session_id_1464,12,4
2024-05-14,session_id_1795,9,4
2024-05-15,session_id_1109,10,6
2024-05-16,session_id_1454,8,6
2024-05-17,session_id_1937,50,30
2024-05-18,session_id_1576,10,6
2024-05-19,session_id_1516,100,25
2024-05-20,session_id_1398,8,4
2024-05-21,session_id_1357,10,6
2024-05-22,session_id_1575,11,5
2024-05-23,session_id_1064,100,25
2024-05-24,session_id_1901,9,4
2024-05-25,session_id_1876,12,6
2024-05-26,session_id_1547,10,6
2024-05-27,session_id_1228,11,5
2024-05-28,session_id_1235,9,5
2024-05-29,session_id_1896,11,5
2024-05-30,session_id_1965,80,25
2024-05-31,session_id_1761,12,5
2024-06-01,session_id_1175,11,4
2024-06-02,session_id_1546,12,5
2024-06-03,session_id_1106,80,25
2024-06-04,session_id_1723,10,4
2024-06-05,session_id_1750,10,5
2024-06-06,session_id_1601,8,6
2024-06-07,session_id_1619,11,4
